,time,low,high,open,close,volume,price_change,average_price,volatitlity,product_id
0,2024-06-20,64500.0,66455.52,64945.67,64841.46,9346.70807899,-104.20999999999913,65477.76,3.0318139534883786,BTC-USD
1,2024-06-19,64635.48,65709.26,65150.9,64943.79,4958.38361329,-207.11000000000058,65172.369999999995,1.661285721093108,BTC-USD
2,2024-06-18,64010.01,66574.33,66481.81,65152.8,15937.73176483,-1329.0099999999948,65292.17,4.006123417259269,BTC-USD
3,2024-06-17,65050.0,67274.96,66629.38,66481.81,14487.64060903,-147.57000000000698,66162.48000000001,3.4203843197540453,BTC-USD
4,2024-06-16,65999.0,66931.18,66192.0,66628.75,2118.65163435,436.75,66465.09,1.4124153396263475,BTC-USD
5,2024-06-15,65800.86,66428.57,66004.36,66192.0,2004.1421548,187.63999999999942,66114.715,0.9539540972564894,BTC-USD
6,2024-06-14,65005.0,67322.72,66746.44,66004.39,11520.15791899,-742.0500000000029,66163.86,3.5654488116298766,BTC-USD
7,2024-06-13,66200.0,68474.49,68248.59,66746.44,11916.13211129,-1502.1499999999942,67337.245,3.435785498489434,BTC-USD
8,2024-06-12,66883.32,70032.0,67316.52,68248.6,17140.01139413,932.0800000000017,68457.66,4.7077208487856055,BTC-USD
9,2024-06-11,66018.69,69547.82,69495.97,67316.53,17354.68915468,-2179.4400000000023,67783.255,5.345652874966172,BTC-USD
10,2024-06-10,69141.51,70187.53,69641.08,69497.73,6088.40363232,-143.35000000000582,69664.51999999999,1.5128683189013432,BTC-USD
11,2024-06-09,69123.99,69848.94,69303.8,69637.87,1826.03995531,334.06999999999243,69486.465,1.0487675841628892,BTC-USD
12,2024-06-08,69126.22,69546.58,69326.71,69304.05,2631.94610412,-22.660000000003492,69336.4,0.6081049998104924,BTC-USD
13,2024-06-07,68298.55,71974.04,70773.63,69324.53,13768.98185265,-1449.1000000000058,70136.295,5.381505171046809,BTC-USD
14,2024-06-06,70093.98,71650.56,71120.65,70773.64,7716.5079994,-347.00999999999476,70872.26999999999,2.220704260194673,BTC-USD
15,2024-06-05,70356.49,71804.13,70541.68,71121.11,10123.1802918,579.4300000000076,71080.31,2.0575784835201403,BTC-USD
16,2024-06-04,68542.37,71108.9,68791.04,70542.32,18042.19396496,1751.2800000000134,69825.635,3.744443035745626,BTC-USD
17,2024-06-03,67568.0,70295.78,67731.14,68791.0,11884.90882705,1059.8600000000006,68931.89,4.037088562633198,BTC-USD
18,2024-06-02,67260.0,68411.0,67719.29,67735.52,2997.15241527,16.230000000010477,67835.5,1.7112696996729113,BTC-USD
19,2024-06-01,67371.28,67837.33,67473.07,67719.29,1949.57008052,246.2199999999866,67604.305,0.6917636120317188,BTC-USD
20,2024-05-31,66584.47,69024.71,68338.58,67472.41,10690.85876224,-866.1699999999983,67804.59,3.664878612084778,BTC-USD
21,2024-05-30,67092.91,69536.89,67569.44,68338.58,11841.26381893,769.1399999999994,68314.9,3.6426799791512927,BTC-USD
22,2024-05-29,67081.66,68864.11,68322.26,67569.45,8970.02059069,-752.8099999999977,67972.88500000001,2.6571346028109577,BTC-USD
23,2024-05-28,67194.59,69533.96,69366.31,68321.98,11975.93086328,-1044.3300000000017,68364.275,3.481485637459816,BTC-USD
24,2024-05-27,68210.12,70613.39,68470.8,69368.72,5384.62278063,897.9199999999983,69411.755,3.5233334877581277,BTC-USD
25,2024-05-26,68097.38,69522.0,69306.93,68473.72,2037.67329089,-833.2099999999919,68809.69,2.0920334967365783,BTC-USD
26,2024-05-25,68487.44,69605.03,68545.52,69289.67,2501.11901959,744.1499999999942,69046.235,1.631817454412074,BTC-USD
27,2024-05-24,66587.91,69278.75,67932.79,68547.8,10374.95988085,615.0100000000093,67933.33,4.041033875368661,BTC-USD
28,2024-05-23,66259.0,70066.95,69109.93,67940.45,14340.27843589,-1169.479999999996,68162.975,5.74706832279388,BTC-USD
29,2024-05-22,68887.52,70659.99,70146.89,69109.93,10889.10300904,-1036.9600000000064,69773.755,2.572991450410758,BTC-USD
30,2024-05-21,69146.01,71980.0,71432.16,70142.84,16102.06132545,-1289.320000000007,70563.005,4.098558976866497,BTC-USD
31,2024-05-20,66057.03,71560.9,66260.04,71432.17,20415.88691709,5172.130000000005,68808.965,8.331997366517985,BTC-USD
32,2024-05-19,65852.02,67701.91,66923.87,66261.62,3565.11346165,-662.25,66776.965,2.809162118337447,BTC-USD
33,2024-05-18,66624.06,67407.79,67046.34,66923.87,3880.58113972,-122.47000000000116,67015.92499999999,1.176346803241946,BTC-USD
34,2024-05-17,65113.46,67500.0,65252.17,67046.33,11710.00723895,1794.1600000000035,66306.73,3.6652022485059175,BTC-USD
35,2024-05-16,64588.5,66772.83,66244.68,65252.18,12012.70197182,-992.4999999999927,65680.66500000001,3.3819178336700833,BTC-USD
36,2024-05-15,61299.57,66480.0,61539.7,66244.69,21821.38858725,4704.990000000005,63889.785,8.451005447509665,BTC-USD
37,2024-05-14,61024.51,63103.02,62927.43,61539.84,13456.61307634,-1387.5900000000038,62063.765,3.4060248906545825,BTC-USD
38,2024-05-13,60738.51,63456.18,61453.01,62932.37,9170.80865115,1479.3600000000006,62097.345,4.474377129106391,BTC-USD
39,2024-05-12,60576.05,61843.45,60814.64,61453.02,2694.97577935,638.3799999999974,61209.75,2.0922460279268686,BTC-USD
40,2024-05-11,60450.13,61482.0,60787.99,60814.63,2338.06810837,26.639999999999418,60966.065,1.7069773050943027,BTC-USD
41,2024-05-10,60150.0,63470.0,63073.55,60787.47,11511.12990976,-2286.0800000000017,61810.0,5.519534497090607,BTC-USD
42,2024-05-09,60601.6,63424.14,61169.53,63073.57,8360.0553824,1904.0400000000009,62012.869999999995,4.657533794487276,BTC-USD
43,2024-05-08,60851.04,63013.05,62315.75,61169.53,7486.42596849,-1146.2200000000012,61932.045,3.5529548878704493,BTC-USD
44,2024-05-07,62252.64,64415.06,63161.35,62315.76,8994.93773002,-845.5899999999965,63333.85,3.4736197533148765,BTC-USD
45,2024-05-06,62704.48,65523.44,64023.45,63164.06,11241.77217344,-859.3899999999994,64113.96000000001,4.495627744620478,BTC-USD
46,2024-05-05,62908.34,64636.75,63902.88,64023.45,4474.5195919,120.56999999999971,63772.545,2.7475053387198,BTC-USD
47,2024-05-04,62565.82,64546.0,62913.03,63902.88,6414.57464352,989.8499999999985,63555.91,3.1649549226718365,BTC-USD
48,2024-05-03,58821.05,63365.72,59070.3,62913.03,15954.29032707,3842.729999999996,61093.385,7.726264662055502,BTC-USD
49,2024-05-02,56903.79,59641.03,58267.81,59071.89,13593.00905888,804.0800000000017,58272.41,4.810294709719683,BTC-USD
50,2024-05-01,56500.0,60785.49,60621.2,58265.59,26611.9312734,-2355.6100000000006,58642.744999999995,7.584938053097341,BTC-USD
51,2024-04-30,59040.3,64727.81,63845.01,60622.1,21106.65540758,-3222.9100000000035,61884.055,9.63326744613424,BTC-USD
52,2024-04-29,61741.01,64200.0,63109.76,63844.85,10712.13554316,735.0899999999965,62970.505000000005,3.982749877269578,BTC-USD
53,2024-04-28,62743.81,64333.33,63422.34,63108.94,4415.96831554,-313.3999999999942,63538.57,2.533349504915312,BTC-USD
54,2024-04-27,62389.0,63900.0,63742.39,63422.0,5312.16741262,-320.3899999999994,63144.5,2.4219012967029445,BTC-USD
55,2024-04-26,63287.76,64810.0,64484.44,63742.39,10151.96247701,-742.0500000000029,64048.880000000005,2.405267622048873,BTC-USD
56,2024-04-25,62747.18,65287.69,64255.77,64484.49,13256.29877715,228.72000000000116,64017.435,4.048803468139926,BTC-USD
57,2024-04-24,63542.56,67077.97,66418.0,64255.78,15083.5524347,-2162.220000000001,65310.265,5.563845712228156,BTC-USD
58,2024-04-23,65823.66,67225.66,66856.07,66418.0,8840.16749844,-438.070000000007,66524.66,2.1299332185417823,BTC-USD
59,2024-04-22,64520.0,67272.73,64952.92,66859.17,10977.05178637,1906.25,65896.36499999999,4.266475511469305,BTC-USD
60,2024-04-21,64250.0,65725.81,64960.82,64952.92,4487.48723219,-7.900000000001455,64987.905,2.296980544747078,BTC-USD
61,2024-04-20,63121.15,65463.08,63841.96,64968.87,5157.40726514,1126.9100000000035,64292.115000000005,3.7102144051557997,BTC-USD
62,2024-04-19,59573.32,65498.99,63514.84,63848.37,22838.07934159,333.5300000000061,62536.155,9.946852047191593,BTC-USD
63,2024-04-18,60816.07,64210.0,61275.73,63513.85,15249.84211445,2238.1199999999953,62513.035,5.580646694204345,BTC-USD
64,2024-04-17,59648.33,64524.14,63814.94,61279.36,21812.15297865,-2535.5800000000017,62086.235,8.174260704365063,BTC-USD
65,2024-04-16,61645.09,64400.0,63454.0,63814.94,17710.28213211,360.9400000000023,63022.545,4.468985283337251,BTC-USD
66,2024-04-15,62315.08,66928.82,65764.56,63452.18,21672.73701332,-2312.3799999999974,64621.950000000004,7.403890037531855,BTC-USD
67,2024-04-14,62150.0,65890.91,64021.36,65777.05,21604.05147827,1755.6900000000023,64020.455,6.01916331456155,BTC-USD
68,2024-04-13,60822.01,69100.0,67148.62,64008.1,27548.47240557,-3140.519999999997,64961.005000000005,13.610188153926511,BTC-USD
69,2024-04-12,65110.31,71265.74,70020.71,67148.61,23509.75554216,-2872.100000000006,68188.025,9.453848399738856,BTC-USD
70,2024-04-11,69530.0,71305.86,70638.4,70020.73,11001.16448135,-617.6699999999983,70417.93,2.554091758952971,BTC-USD
71,2024-04-10,67463.07,71159.6,69115.79,70634.04,16655.987797,1518.25,69311.335,5.479338547741747,BTC-USD
72,2024-04-09,68200.0,71761.37,71616.31,69117.01,15143.52341376,-2499.300000000003,69980.685,5.221950146627559,BTC-USD
73,2024-04-08,69037.33,72777.0,69350.36,71622.53,16648.69284289,2272.1699999999983,70907.16500000001,5.416880983085525,BTC-USD
74,2024-04-07,68846.23,70312.0,68919.57,69350.34,5766.41938443,430.7699999999895,69579.11499999999,2.1290490416105636,BTC-USD
75,2024-04-06,67469.19,69685.0,67856.51,68919.89,3985.44167764,1063.3800000000047,68577.095,3.2841805274377793,BTC-USD
76,2024-04-05,66000.0,68783.99,68528.46,67856.51,15515.82134206,-671.9500000000116,67391.995,4.218166666666675,BTC-USD
77,2024-04-04,65073.95,69367.19,65984.18,68525.23,18624.08140025,2541.050000000003,67220.57,6.597478714600859,BTC-USD
78,2024-04-03,64500.0,66944.06,65472.0,65987.92,14506.55934744,515.9199999999983,65722.03,3.7892403100775156,BTC-USD
79,2024-04-02,64521.61,69711.0,69681.85,65465.14,23496.58634089,-4216.710000000006,67116.305,8.042871217875684,BTC-USD
80,2024-04-01,68055.15,71313.8,71291.5,69681.82,13916.60016523,-1609.679999999993,69684.475,4.7882489422182,BTC-USD
81,2024-03-31,69587.86,71399.91,69623.86,71291.28,4424.66955382,1667.4199999999983,70493.88500000001,2.603974313910505,BTC-USD
82,2024-03-30,69569.03,70363.25,69903.74,69626.87,3262.62331859,-276.8700000000099,69966.14,1.14162868161307,BTC-USD
83,2024-03-29,69036.95,70941.7,70804.06,69903.75,7365.03204354,-900.3099999999977,69989.325,2.759029765944179,BTC-USD
84,2024-03-28,68841.01,71635.99,69436.83,70801.18,15224.17928189,1364.3499999999913,70238.5,4.060050833071756,BTC-USD
85,2024-06-20,3483.5,3624.28,3559.24,3510.73,108383.66568546,-48.50999999999976,3553.8900000000003,4.041337735036607,ETH-USD
86,2024-06-19,3464.44,3585.77,3482.1,3559.14,103693.89596402,77.03999999999996,3525.105,3.502153306162033,ETH-USD
87,2024-06-18,3351.0,3515.87,3509.81,3482.06,129044.70825538,-27.75,3433.435,4.920023873470603,ETH-USD
88,2024-06-17,3463.38,3640.0,3622.53,3509.81,111781.88622712,-112.72000000000025,3551.69,5.099642545721228,ETH-USD
89,2024-06-16,3538.74,3651.51,3566.82,3622.1,44147.59671264,55.279999999999745,3595.125,3.186727479272296,ETH-USD
90,2024-06-15,3470.96,3591.87,3479.53,3566.69,56700.50673905,87.15999999999985,3531.415,3.4834743125821057,ETH-USD
91,2024-06-14,3360.62,3529.83,3467.9,3479.53,102617.12125958,11.63000000000011,3445.225,5.035082812100149,ETH-USD
92,2024-06-13,3425.87,3560.6,3559.14,3467.65,108846.17560996,-91.48999999999978,3493.2349999999997,3.9327236585159393,ETH-USD
93,2024-06-12,3461.52,3657.05,3497.27,3559.14,98483.84286884,61.86999999999989,3559.285,5.6486745707088275,ETH-USD
94,2024-06-11,3381.0,3671.47,3665.86,3497.31,137575.16363517,-168.55000000000018,3526.2349999999997,8.59124519372966,ETH-USD
95,2024-06-10,3643.02,3712.6,3706.4,3665.86,43724.86169828,-40.539999999999964,3677.81,1.9099538295150704,ETH-USD
96,2024-06-09,3666.2,3721.16,3680.89,3706.26,19656.41005708,25.370000000000346,3693.68,1.4990998854399662,ETH-USD
97,2024-06-08,3658.0,3707.99,3676.31,3680.84,28751.32754441,4.5300000000002,3682.995,1.3665937670858335,ETH-USD
98,2024-06-07,3575.23,3839.71,3812.04,3676.35,110370.11489481,-135.69000000000005,3707.4700000000003,7.397566030716905,ETH-USD
99,2024-06-06,3758.19,3879.15,3866.42,3812.09,53756.6117727,-54.32999999999993,3818.67,3.218570641718488,ETH-USD
100,2024-06-05,3777.25,3888.9,3810.24,3866.57,67943.79281961,56.33000000000038,3833.075,2.955854126679465,ETH-USD
101,2024-06-04,3730.56,3832.56,3766.12,3810.29,57771.03645715,44.17000000000007,3781.56,2.734173957797221,ETH-USD
102,2024-06-03,3757.32,3850.06,3778.88,3766.09,66419.59243831,-12.789999999999964,3803.69,2.4682486453110135,ETH-USD
103,2024-06-02,3750.59,3835.0,3812.49,3778.88,44725.20926266,-33.60999999999967,3792.795,2.2505792421992235,ETH-USD
104,2024-06-01,3748.31,3829.99,3758.44,3812.48,33739.89750423,54.039999999999964,3789.1499999999996,2.179115388001522,ETH-USD
105,2024-05-31,3720.52,3846.0,3746.64,3758.44,83743.90660225,11.800000000000182,3783.26,3.3726468343134837,ETH-USD
106,2024-05-30,3700.4,3824.07,3762.07,3746.86,96742.8620579,-15.210000000000036,3762.235,3.342071127445683,ETH-USD
107,2024-05-29,3740.75,3884.24,3840.18,3762.11,108846.32940744,-78.06999999999971,3812.495,3.8358617924213,ETH-USD
108,2024-05-28,3769.47,3926.6,3890.72,3839.98,100613.04720901,-50.73999999999978,3848.035,4.168490530498985,ETH-USD
109,2024-05-27,3821.01,3973.9,3823.55,3890.72,71151.44619506,67.16999999999962,3897.455,4.00129808610812,ETH-USD
110,2024-05-26,3731.03,3882.82,3749.23,3823.83,57883.65812154,74.59999999999991,3806.925,4.068313575607807,ETH-USD
111,2024-05-25,3707.41,3777.78,3726.87,3749.06,33301.97878165,22.190000000000055,3742.5950000000003,1.898090580755847,ETH-USD
112,2024-05-24,3627.53,3827.99,3780.42,3727.03,112184.8378011,-53.38999999999987,3727.76,5.526074215788693,ETH-USD
113,2024-05-23,3521.24,3947.0,3736.02,3780.83,309961.25314343,44.809999999999945,3734.12,12.091195147164074,ETH-USD
114,2024-05-22,3653.11,3813.25,3789.41,3735.99,152993.45828385,-53.42000000000007,3733.1800000000003,4.383662139930084,ETH-USD
115,2024-05-21,3625.58,3841.24,3661.5,3789.37,253191.48042776,127.86999999999989,3733.41,5.948289652965866,ETH-USD
116,2024-05-20,3048.58,3695.0,3070.83,3661.52,280881.20562155,590.69,3371.79,21.20397037309174,ETH-USD
117,2024-05-19,3053.74,3137.64,3123.76,3070.9,36279.72976482,-52.86000000000013,3095.6899999999996,2.7474506670508982,ETH-USD
118,2024-05-18,3085.07,3148.0,3093.2,3123.99,35887.59340775,30.789999999999964,3116.535,2.0398240558561014,ETH-USD
119,2024-05-17,2932.68,3122.08,2944.86,3093.39,80378.06214215,148.52999999999975,3027.38,6.458256611699882,ETH-USD
120,2024-05-16,2923.73,3041.71,3033.23,2945.11,79847.19015756,-88.11999999999989,2982.7200000000003,4.035256333519169,ETH-USD
121,2024-05-15,2862.36,3041.53,2880.39,3033.2,102425.75517286,152.80999999999995,2951.945,6.259520116267697,ETH-USD
122,2024-05-14,2858.76,2988.0,2950.09,2880.4,84843.49382255,-69.69000000000005,2923.38,4.520841203878597,ETH-USD
123,2024-05-13,2864.35,2994.74,2927.72,2950.21,81949.54698641,22.490000000000236,2929.545,4.552167158343075,ETH-USD
124,2024-05-12,2900.59,2954.16,2911.77,2927.75,23851.53354001,15.980000000000018,2927.375,1.8468656376805996,ETH-USD
125,2024-05-11,2885.8,2943.64,2909.38,2911.75,26841.15468691,2.369999999999891,2914.7200000000003,2.004296902072205,ETH-USD
126,2024-05-10,2878.38,3053.53,3035.92,2909.42,79016.14737388,-126.5,2965.955,6.085020045998099,ETH-USD
127,2024-05-09,2949.52,3058.43,2972.81,3035.92,56610.30197974,63.11000000000013,3003.975,3.6924652146789936,ETH-USD
128,2024-05-08,2937.09,3038.17,3006.09,2972.82,52553.55510881,-33.26999999999998,2987.63,3.4415016223540964,ETH-USD
129,2024-05-07,3000.0,3129.9,3062.69,3005.78,62108.80446702,-56.909999999999854,3064.95,4.330000000000004,ETH-USD
130,2024-05-06,3045.59,3221.41,3136.77,3062.69,79596.65949657,-74.07999999999993,3133.5,5.772937263387379,ETH-USD
131,2024-05-05,3073.7,3171.64,3117.52,3136.95,38526.42777835,19.429999999999836,3122.67,3.1863877411588657,ETH-USD
132,2024-05-04,3093.87,3167.85,3104.11,3117.41,37445.2105609,13.299999999999727,3130.8599999999997,2.391179978473563,ETH-USD
133,2024-05-03,2958.55,3128.04,2986.12,3103.76,82328.62907159,117.64000000000033,3043.295,5.728819861080589,ETH-USD
134,2024-05-02,2890.28,3016.07,2968.18,2986.32,74253.44635959,18.140000000000327,2953.175,4.352173491841619,ETH-USD
135,2024-05-01,2814.12,3020.26,3011.24,2968.12,148775.73927121,-43.11999999999989,2917.19,7.325202905348753,ETH-USD
136,2024-04-30,2916.34,3249.66,3215.89,3011.4,122376.47890903,-204.48999999999978,3083.0,11.429394377884599,ETH-USD
137,2024-04-29,3114.56,3287.15,3262.99,3215.53,85704.21545809,-47.45999999999958,3200.855,5.541392684680987,ETH-USD
138,2024-04-28,3239.72,3356.31,3253.04,3262.6,66716.10732189,9.559999999999945,3298.015,3.598767794747699,ETH-USD
139,2024-04-27,3067.27,3281.92,3130.04,3253.04,65631.20199995,123.0,3174.5950000000003,6.998079725619203,ETH-USD
140,2024-04-26,3101.01,3166.66,3155.27,3130.0,69330.93637665,-25.269999999999982,3133.835,2.1170521862231864,ETH-USD
141,2024-04-25,3071.79,3191.94,3139.27,3155.34,95350.39968519,16.070000000000164,3131.865,3.9114001933725966,ETH-USD
142,2024-04-24,3102.62,3293.4,3219.42,3138.91,88784.32655222,-80.51000000000022,3198.01,6.148996654440447,ETH-USD
143,2024-04-23,3153.41,3266.4,3201.67,3219.49,69940.4136472,17.81999999999971,3209.9049999999997,3.583105273339028,ETH-USD
144,2024-04-22,3129.68,3237.41,3148.06,3201.46,70530.52584425,53.40000000000009,3183.545,3.4422049538610984,ETH-USD
145,2024-04-21,3117.46,3198.46,3156.62,3148.07,34111.84839622,-8.549999999999727,3157.96,2.5982691036933914,ETH-USD
146,2024-04-20,3019.11,3172.3,3057.9,3157.01,42703.49658553,99.11000000000013,3095.705,5.074011877672561,ETH-USD
147,2024-04-19,2865.71,3128.99,3065.8,3057.93,126465.06248187,-7.870000000000346,2997.35,9.187252024803618,ETH-USD
148,2024-04-18,2952.53,3100.8,2984.9,3065.82,91513.42190694,80.92000000000007,3026.665,5.021794867452659,ETH-USD
149,2024-04-17,2914.01,3124.03,3085.41,2984.98,122585.77561348,-100.42999999999984,3019.0200000000004,7.2072504898747765,ETH-USD
150,2024-04-16,2990.0,3128.28,3103.4,3085.25,117411.00495166,-18.15000000000009,3059.1400000000003,4.624749163879605,ETH-USD
151,2024-04-15,3025.0,3281.21,3158.2,3103.13,129021.87609399,-55.06999999999971,3153.105,8.469752066115703,ETH-USD
152,2024-04-14,2911.23,3175.72,3012.01,3158.34,160742.93293593,146.32999999999993,3043.475,9.085163315849307,ETH-USD
153,2024-04-13,2850.0,3302.32,3238.98,3011.39,241260.34609045,-227.59000000000015,3076.16,15.870877192982464,ETH-USD
154,2024-04-12,3100.0,3553.03,3503.06,3239.31,158974.418562,-263.75,3326.5150000000003,14.613870967741944,ETH-USD
155,2024-04-11,3473.6,3617.97,3546.07,3503.06,73843.06830002,-43.01000000000022,3545.785,4.156206817134958,ETH-USD
156,2024-04-10,3411.59,3562.51,3504.24,3546.0,83472.76785832,41.76000000000022,3487.05,4.423743767568789,ETH-USD
157,2024-04-09,3450.6,3726.79,3694.26,3504.58,104295.66540925,-189.6800000000003,3588.6949999999997,8.00411522633745,ETH-USD
158,2024-04-08,3406.93,3729.16,3453.69,3694.56,117580.32397415,240.8699999999999,3568.045,9.458075158573848,ETH-USD
159,2024-04-07,3345.36,3459.52,3352.87,3453.8,40642.58459362,100.93000000000029,3402.44,3.412487744218854,ETH-USD
160,2024-04-06,3308.7,3398.8,3319.1,3352.66,35789.96297357,33.559999999999945,3353.75,2.7231238855139592,ETH-USD
161,2024-04-05,3210.99,3348.33,3329.41,3319.26,82464.50869563,-10.149999999999636,3279.66,4.277185540907949,ETH-USD
162,2024-04-04,3251.91,3444.95,3312.42,3329.39,108312.21150232,16.9699999999998,3348.43,5.93620364647238,ETH-USD
163,2024-04-03,3202.8,3369.43,3279.71,3312.43,99323.0886667,32.7199999999998,3286.115,5.20263519420506,ETH-USD
164,2024-04-02,3211.41,3507.69,3505.95,3279.64,148814.96574824,-226.30999999999995,3359.55,9.225854064102691,ETH-USD
165,2024-04-01,3413.86,3646.38,3645.55,3505.85,97053.82915967,-139.70000000000027,3530.12,6.811058449965728,ETH-USD
166,2024-03-31,3505.76,3654.87,3507.31,3645.48,53825.13202391,138.17000000000007,3580.315,4.253286020720177,ETH-USD
167,2024-03-30,3488.08,3568.13,3511.21,3507.51,49286.0694304,-3.699999999999818,3528.105,2.2949588312194726,ETH-USD
168,2024-03-29,3473.42,3584.9,3561.12,3511.1,60142.83951755,-50.01999999999998,3529.16,3.2095168450691256,ETH-USD
169,2024-03-28,3462.44,3612.3,3499.62,3561.1,82506.6359203,61.48000000000002,3537.37,4.328161643234255,ETH-USD
170,2024-06-20,131.81,141.28,135.59,133.49,1122806.59179073,-2.0999999999999943,136.54500000000002,7.184583870723009,SOL-USD
171,2024-06-19,134.41,141.88,137.34,135.59,773852.80461872,-1.75,138.14499999999998,5.557622200729111,SOL-USD
172,2024-06-18,128.0,143.76,143.24,137.36,1722471.07323113,-5.8799999999999955,135.88,12.312499999999993,SOL-USD
173,2024-06-17,139.77,151.73,151.22,143.25,744074.6002912,-7.969999999999999,145.75,8.556914931673449,SOL-USD
174,2024-06-16,142.97,151.26,145.45,151.22,348354.54491309,5.77000000000001,147.115,5.798419248793447,SOL-USD
175,2024-06-15,142.84,145.68,143.01,145.45,285002.23960479,2.4399999999999977,144.26,1.9882385886306382,SOL-USD
176,2024-06-14,139.56,148.94,147.23,142.98,944501.87423291,-4.25,144.25,6.721123531097732,SOL-USD
177,2024-06-13,145.97,155.18,155.18,147.23,803839.65623014,-7.950000000000017,150.575,6.309515653901491,SOL-USD
178,2024-06-12,145.46,161.85,149.32,155.18,934640.79572654,5.860000000000014,153.655,11.267702461157697,SOL-USD
179,2024-06-11,144.95,159.67,158.99,149.32,1339784.17466776,-9.670000000000016,152.31,10.155225939979303,SOL-USD
180,2024-06-10,157.48,163.18,162.12,158.98,349339.89974703,-3.140000000000015,160.32999999999998,3.619507239014489,SOL-USD
181,2024-06-09,156.51,163.0,157.79,162.12,261672.49507329,4.3300000000000125,159.755,4.146699891380749,SOL-USD
182,2024-06-08,157.3,163.72,162.46,157.8,412608.49566585,-4.659999999999997,160.51,4.081373172282255,SOL-USD
183,2024-06-07,153.75,172.72,170.1,162.47,885283.82667966,-7.6299999999999955,163.235,12.33821138211382,SOL-USD
184,2024-06-06,167.59,174.6,173.57,170.1,510181.55093299,-3.469999999999999,171.095,4.182827137657372,SOL-USD
185,2024-06-05,171.06,175.62,171.81,173.58,766671.99922783,1.7700000000000102,173.34,2.6657313223430386,SOL-USD
186,2024-06-04,164.3,171.88,164.88,171.81,680588.11096016,6.930000000000007,168.09,4.613511868533162,SOL-USD
187,2024-06-03,161.5,167.14,163.03,164.88,745617.24715896,1.8499999999999943,164.32,3.4922600619194966,SOL-USD
188,2024-06-02,161.27,166.97,165.99,163.02,574719.23000784,-2.969999999999999,164.12,3.534445340112847,SOL-USD
189,2024-06-01,165.49,167.81,165.49,165.99,288521.39235233,0.5,166.65,1.4018973956130238,SOL-USD
190,2024-05-31,163.75,170.88,166.81,165.51,748373.81288618,-1.3000000000000114,167.315,4.35419847328244,SOL-USD
191,2024-05-30,163.48,172.54,168.11,166.83,944812.84218417,-1.2800000000000011,168.01,5.541962319549794,SOL-USD
192,2024-05-29,167.01,173.8,168.5,168.13,815289.32437549,-0.37000000000000455,170.405,4.065624812885468,SOL-USD
193,2024-05-28,164.82,173.11,170.02,168.5,663656.3470251,-1.5200000000000102,168.965,5.029729401771642,SOL-USD
194,2024-05-27,163.17,172.12,163.25,170.02,586791.04550049,6.77000000000001,167.64499999999998,5.485076913648354,SOL-USD
195,2024-05-26,160.36,168.39,168.33,163.24,1014996.85907125,-5.090000000000003,164.375,5.007483162883495,SOL-USD
196,2024-05-25,165.89,170.49,167.68,168.33,418409.70355585,0.6500000000000057,168.19,2.772921815660994,SOL-USD
197,2024-05-24,162.45,176.07,176.07,167.68,1223312.68739923,-8.389999999999986,169.26,8.384118190212376,SOL-USD
198,2024-05-23,165.61,180.96,176.85,176.11,1782217.15429252,-0.7399999999999807,173.28500000000003,9.268763963528768,SOL-USD
199,2024-05-22,175.0,183.46,178.12,176.84,1195022.05510768,-1.2800000000000011,179.23000000000002,4.834285714285719,SOL-USD
200,2024-05-21,174.26,188.9,186.71,178.12,1246348.96485656,-8.590000000000003,181.57999999999998,8.401239527143357,SOL-USD
201,2024-05-20,167.7,188.41,169.92,186.73,1174312.69240078,16.810000000000002,178.055,12.349433512224216,SOL-USD
202,2024-05-19,166.01,175.51,172.45,169.92,497663.1375587,-2.530000000000001,170.76,5.722546834528041,SOL-USD
203,2024-05-18,168.7,175.99,169.51,172.46,635692.90677353,2.950000000000017,172.345,4.321280379371678,SOL-USD
204,2024-05-17,159.34,172.08,159.37,169.48,895763.36156161,10.109999999999985,165.71,7.995481360612532,SOL-USD
205,2024-05-16,156.7,164.75,158.6,159.37,1167422.66374857,0.7700000000000102,160.725,5.137204850031916,SOL-USD
206,2024-05-15,141.22,158.86,141.98,158.6,1322013.6104668,16.620000000000005,150.04000000000002,12.491148562526565,SOL-USD
207,2024-05-14,141.75,151.5,147.5,141.96,819839.4999486,-5.539999999999992,146.625,6.878306878306878,SOL-USD
208,2024-05-13,137.82,150.8,143.36,147.49,1070319.88805558,4.1299999999999955,144.31,9.418081555652314,SOL-USD
209,2024-05-12,142.57,147.69,145.37,143.35,369169.37240576,-2.0200000000000102,145.13,3.5912183488812546,SOL-USD
210,2024-05-11,143.05,147.66,146.01,145.37,574750.86521124,-0.6399999999999864,145.35500000000002,3.2226494232785634,SOL-USD
211,2024-05-10,144.41,155.74,152.55,146.01,1217658.46121303,-6.5400000000000205,150.075,7.845717055605577,SOL-USD
212,2024-05-09,140.53,153.37,142.14,152.54,918780.04069924,10.400000000000006,146.95,9.136839109087031,SOL-USD
213,2024-05-08,140.0,149.95,148.04,142.13,899535.93350958,-5.909999999999997,144.975,7.10714285714285,SOL-USD
214,2024-05-07,148.0,159.18,152.85,148.05,838121.36375189,-4.799999999999983,153.59,7.554054054054059,SOL-USD
215,2024-05-06,145.44,157.03,145.74,152.83,1001891.54552638,7.090000000000003,151.235,7.968921892189221,SOL-USD
216,2024-05-05,143.0,148.0,146.07,145.74,461407.51335516,-0.3299999999999841,145.5,3.4965034965034967,SOL-USD
217,2024-05-04,142.25,149.11,143.75,146.06,528753.80408235,2.3100000000000023,145.68,4.822495606326899,SOL-USD
218,2024-05-03,132.1,145.03,137.57,143.73,1013126.42072374,6.159999999999997,138.565,9.788039364118099,SOL-USD
219,2024-05-02,128.16,141.0,134.45,137.57,1090679.71832366,3.1200000000000045,134.57999999999998,10.018726591760302,SOL-USD
220,2024-05-01,118.68,135.86,126.63,134.46,1644144.61431275,7.8300000000000125,127.27000000000001,14.47590158409168,SOL-USD
221,2024-04-30,121.0,139.74,137.73,126.66,1507577.39141503,-11.069999999999993,130.37,15.48760330578513,SOL-USD
222,2024-04-29,133.37,138.9,137.98,137.73,795190.75029224,-0.25,136.135,4.146359751068457,SOL-USD
223,2024-04-28,137.02,144.6,141.24,137.98,486682.09806583,-3.2600000000000193,140.81,5.532039118376867,SOL-USD
224,2024-04-27,133.0,142.97,139.19,141.22,689266.47540085,2.030000000000001,137.985,7.496240601503759,SOL-USD
225,2024-04-26,138.73,146.11,144.84,139.22,613573.32473004,-5.6200000000000045,142.42000000000002,5.3196857204642285,SOL-USD
226,2024-04-25,142.04,149.49,147.71,144.83,976021.09556298,-2.8799999999999955,145.765,5.245001408054081,SOL-USD
227,2024-04-24,145.25,159.78,154.69,147.71,1124542.72440691,-6.97999999999999,152.515,10.00344234079174,SOL-USD
228,2024-04-23,153.15,160.0,157.02,154.69,810829.36898627,-2.3300000000000125,156.575,4.472739144629444,SOL-USD
229,2024-04-22,146.7,158.5,148.81,157.02,909774.34620336,8.210000000000008,152.6,8.043626448534432,SOL-USD
230,2024-04-21,146.8,153.59,151.28,148.82,567246.82127678,-2.460000000000008,150.195,4.6253405994550345,SOL-USD
231,2024-04-20,139.7,152.48,142.54,151.33,715494.40864999,8.79000000000002,146.08999999999997,9.148174659985685,SOL-USD
232,2024-04-19,128.47,147.63,142.14,142.56,2002415.83339281,0.4200000000000159,138.05,14.913987701408887,SOL-USD
233,2024-04-18,127.7,143.94,131.83,142.14,1153922.78563056,10.309999999999974,135.82,12.71730618637431,SOL-USD
234,2024-04-17,126.68,142.77,136.28,131.84,1616654.90102712,-4.439999999999998,134.72500000000002,12.701294600568364,SOL-USD
235,2024-04-16,126.51,140.69,138.56,136.26,1559225.03327458,-2.3000000000000114,133.6,11.208600110663182,SOL-USD
236,2024-04-15,133.7,156.27,151.42,138.56,1551585.60621083,-12.859999999999985,144.985,16.88107703814512,SOL-USD
237,2024-04-14,130.0,152.95,138.59,151.44,2110116.52767288,12.849999999999994,141.475,17.653846153846146,SOL-USD
238,2024-04-13,121.88,154.99,153.22,138.55,3109359.05404368,-14.669999999999987,138.435,27.16606498194947,SOL-USD
239,2024-04-12,143.0,175.99,172.34,153.24,1500902.7276704,-19.099999999999994,159.495,23.069930069930074,SOL-USD
240,2024-04-11,170.04,176.34,173.33,172.35,653648.74111884,-0.9800000000000182,173.19,3.705010585744538,SOL-USD
241,2024-04-10,162.27,175.52,172.27,173.34,1022106.34957454,1.0699999999999932,168.895,8.165403340112158,SOL-USD
242,2024-04-09,168.89,180.9,180.65,172.31,952573.65814674,-8.340000000000003,174.89499999999998,7.111137426727468,SOL-USD
243,2024-04-08,175.27,184.63,179.52,180.66,924071.28862213,1.1399999999999864,179.95,5.340332059108794,SOL-USD
244,2024-04-07,176.84,182.73,178.71,179.53,681047.65676867,0.8199999999999932,179.785,3.330694413028719,SOL-USD
245,2024-04-06,173.45,179.87,174.46,178.73,583429.67034848,4.269999999999982,176.66,3.7013548573075905,SOL-USD
246,2024-04-05,168.0,185.23,184.11,174.46,1195885.85501715,-9.650000000000006,176.615,10.255952380952376,SOL-USD
247,2024-04-04,180.27,190.22,185.12,184.15,883909.91116581,-0.9699999999999989,185.245,5.519498529982797,SOL-USD
248,2024-04-03,177.0,191.96,181.58,185.11,842258.56044078,3.530000000000001,184.48000000000002,8.451977401129948,SOL-USD
249,2024-04-02,175.89,192.39,192.37,181.54,1539301.55340381,-10.830000000000013,184.14,9.380863039399626,SOL-USD
250,2024-04-01,186.91,204.25,202.41,192.35,1229843.89934343,-10.060000000000002,195.57999999999998,9.277192231555297,SOL-USD
251,2024-03-31,193.76,203.15,194.28,202.38,857355.43315829,8.099999999999994,198.45499999999998,4.8462014863749046,SOL-USD
252,2024-03-30,190.85,199.98,192.14,194.27,822342.88355242,2.130000000000024,195.415,4.783861671469738,SOL-USD
253,2024-03-29,183.23,193.08,189.66,192.15,929561.35164297,2.490000000000009,188.155,5.375757244992645,SOL-USD
254,2024-03-28,180.72,191.0,186.23,189.68,977206.39520309,3.450000000000017,185.86,5.6883576803895535,SOL-USD
255,2024-06-20,0.377,0.3974,0.3845,0.384,26819349.31623356,-0.0005000000000000004,0.3872,5.41114058355437,ADA-USD
256,2024-06-19,0.3801,0.3978,0.3837,0.3844,26765028.11398451,0.0007000000000000339,0.38895,4.6566692975532735,ADA-USD
257,2024-06-18,0.3661,0.4025,0.4012,0.3833,45083745.37674993,-0.017900000000000027,0.3843,9.942638623326973,ADA-USD
258,2024-06-17,0.39,0.4207,0.4167,0.401,16717608.12715805,-0.015699999999999992,0.40535,7.871794871794872,ADA-USD
259,2024-06-16,0.4089,0.419,0.4138,0.4165,6096155.62048681,0.00269999999999998,0.41395,2.470041574957202,ADA-USD
260,2024-06-15,0.4079,0.4155,0.4118,0.4137,8910939.45174182,0.0019000000000000128,0.41169999999999995,1.8632017651385133,ADA-USD
261,2024-06-14,0.4,0.4245,0.4209,0.4119,18469212.36628998,-0.009000000000000008,0.41225,6.124999999999991,ADA-USD
262,2024-06-13,0.4187,0.4389,0.4377,0.4208,13752736.81019648,-0.01689999999999997,0.4288,4.824456651540481,ADA-USD
263,2024-06-12,0.4145,0.4442,0.422,0.4377,15727538.97114173,0.015699999999999992,0.42935,7.165259348612787,ADA-USD
264,2024-06-11,0.4127,0.4416,0.4404,0.422,20730045.0832099,-0.018400000000000027,0.42715000000000003,7.002665374363939,ADA-USD
265,2024-06-10,0.435,0.4511,0.4441,0.4403,12408264.53716113,-0.00379999999999997,0.44305,3.701149425287357,ADA-USD
266,2024-06-09,0.4317,0.4462,0.4367,0.444,7719272.78227099,0.007300000000000029,0.43894999999999995,3.3588139911975943,ADA-USD
267,2024-06-08,0.4321,0.4492,0.4492,0.4368,13680988.19305782,-0.012399999999999967,0.44065,3.957417264522103,ADA-USD
268,2024-06-07,0.43,0.49,0.4581,0.4492,38919069.96793895,-0.008900000000000019,0.45999999999999996,13.953488372093023,ADA-USD
269,2024-06-06,0.446,0.4622,0.4613,0.4581,14694354.23929434,-0.0031999999999999806,0.4541,3.6322869955156936,ADA-USD
270,2024-06-05,0.4571,0.469,0.4616,0.4614,12789403.27950299,-0.00020000000000003348,0.46304999999999996,2.603369065849916,ADA-USD
271,2024-06-04,0.4525,0.4661,0.4574,0.4616,16497741.26000609,0.004200000000000037,0.45930000000000004,3.005524861878453,ADA-USD
272,2024-06-03,0.4431,0.4633,0.4464,0.4574,12605390.24851935,0.010999999999999954,0.4532,4.558790340780861,ADA-USD
273,2024-06-02,0.4402,0.4537,0.4496,0.4462,7511438.58438071,-0.003400000000000014,0.44694999999999996,3.066787823716495,ADA-USD
274,2024-06-01,0.4445,0.453,0.4467,0.4495,5883055.41174469,0.0028000000000000247,0.44875,1.9122609673790794,ADA-USD
275,2024-05-31,0.4433,0.4556,0.4465,0.4464,9995960.92296023,-9.999999999998899e-05,0.44945,2.774644710128576,ADA-USD
276,2024-05-30,0.44,0.4684,0.4506,0.4464,16765208.12096234,-0.0041999999999999815,0.4542,6.454545454545451,ADA-USD
277,2024-05-29,0.4502,0.4638,0.4573,0.4507,12586574.65667944,-0.006599999999999995,0.45699999999999996,3.0208796090626393,ADA-USD
278,2024-05-28,0.4515,0.4689,0.4681,0.4572,11074715.13660564,-0.01090000000000002,0.4602,3.8538205980066382,ADA-USD
279,2024-05-27,0.4563,0.4749,0.4581,0.4681,13456853.86205577,0.010000000000000009,0.4656,4.076265614727155,ADA-USD
280,2024-05-26,0.4547,0.4628,0.4622,0.458,8173370.39611897,-0.0041999999999999815,0.45875,1.7813943259291833,ADA-USD
281,2024-05-25,0.457,0.4645,0.46,0.462,8319090.11427813,0.0020000000000000018,0.46075,1.64113785557987,ADA-USD
282,2024-05-24,0.454,0.4696,0.4654,0.46,14930314.77630633,-0.00539999999999996,0.4618,3.4361233480176216,ADA-USD
283,2024-05-23,0.4453,0.4884,0.4832,0.4656,25612538.477686,-0.017600000000000005,0.46685,9.678868178755902,ADA-USD
284,2024-05-22,0.4747,0.4953,0.4946,0.4832,16219044.09371565,-0.011399999999999966,0.485,4.33958289445966,ADA-USD
285,2024-05-21,0.4906,0.5105,0.5022,0.4945,20902892.20708156,-0.007699999999999985,0.5005499999999999,4.056257643701584,ADA-USD
286,2024-05-20,0.4607,0.5032,0.4674,0.5021,26414163.15924881,0.03470000000000001,0.48195,9.225092250922504,ADA-USD
287,2024-05-19,0.4648,0.484,0.4821,0.4671,9492432.16131735,-0.014999999999999958,0.4744,4.130808950086058,ADA-USD
288,2024-05-18,0.4757,0.486,0.4826,0.4824,9397792.18760239,-0.00019999999999997797,0.48085,2.1652301870927,ADA-USD
289,2024-05-17,0.4552,0.4908,0.4597,0.4822,22398034.89297534,0.02250000000000002,0.473,7.820738137082605,ADA-USD
290,2024-05-16,0.4486,0.4628,0.4528,0.4597,18175997.00172014,0.006900000000000017,0.4557,3.165403477485508,ADA-USD
291,2024-05-15,0.4258,0.4554,0.4284,0.4527,19598356.68117369,0.02429999999999999,0.4406,6.951620479098171,ADA-USD
292,2024-05-14,0.426,0.4383,0.4365,0.4282,10365622.45993868,-0.008299999999999974,0.43215000000000003,2.88732394366198,ADA-USD
293,2024-05-13,0.4251,0.4529,0.4378,0.4366,15113377.90765634,-0.0012000000000000344,0.439,6.539637732298294,ADA-USD
294,2024-05-12,0.4329,0.4434,0.4388,0.4377,5959871.61490448,-0.0011000000000000454,0.43815000000000004,2.425502425502428,ADA-USD
295,2024-05-11,0.4378,0.451,0.4479,0.4388,9118918.37164929,-0.009099999999999997,0.4444,3.0150753768844196,ADA-USD
296,2024-05-10,0.443,0.4687,0.4635,0.4477,14929489.57187615,-0.015800000000000036,0.45585,5.801354401805869,ADA-USD
297,2024-05-09,0.4467,0.4645,0.4515,0.4635,14615040.41130642,0.01200000000000001,0.4556,3.9847772554287078,ADA-USD
298,2024-05-08,0.4364,0.4687,0.4414,0.4515,22959273.54426799,0.010099999999999998,0.45255,7.401466544454628,ADA-USD
299,2024-05-07,0.4407,0.4565,0.4539,0.4415,17642643.99649607,-0.012400000000000022,0.4486,3.585205355116868,ADA-USD
300,2024-05-06,0.4515,0.4753,0.4581,0.4538,16964297.77253549,-0.004300000000000026,0.46340000000000003,5.271317829457361,ADA-USD
301,2024-05-05,0.4522,0.466,0.4634,0.4581,10636487.241697,-0.005299999999999971,0.4591,3.0517470145953194,ADA-USD
302,2024-05-04,0.4625,0.4772,0.4676,0.4633,12070110.90168488,-0.004300000000000026,0.46985,3.178378378378376,ADA-USD
303,2024-05-03,0.4463,0.4738,0.4578,0.4675,18759968.51220508,0.009700000000000042,0.46004999999999996,6.161774591082238,ADA-USD
304,2024-05-02,0.4383,0.4625,0.4494,0.4577,26865898.96091807,0.008299999999999974,0.4504,5.521332420716404,ADA-USD
305,2024-05-01,0.4179,0.4573,0.4408,0.4493,32158249.79691032,0.008499999999999952,0.4376,9.42809284517827,ADA-USD
306,2024-04-30,0.4255,0.4631,0.4571,0.4409,30325151.80990844,-0.016199999999999992,0.44430000000000003,8.836662749706234,ADA-USD
307,2024-04-29,0.4464,0.4636,0.4599,0.457,14069564.23447742,-0.002899999999999958,0.455,3.853046594982077,ADA-USD
308,2024-04-28,0.458,0.478,0.4673,0.4596,10633937.41076047,-0.007699999999999985,0.46799999999999997,4.366812227074227,ADA-USD
309,2024-04-27,0.445,0.4696,0.4629,0.467,12146522.5943886,0.004100000000000048,0.45730000000000004,5.528089887640452,ADA-USD
310,2024-04-26,0.4605,0.4788,0.4704,0.4628,12297184.19261632,-0.007599999999999996,0.46965,3.973941368078172,ADA-USD
311,2024-04-25,0.462,0.4798,0.4745,0.4705,18697839.87020219,-0.0040000000000000036,0.4709,3.8528138528138487,ADA-USD
312,2024-04-24,0.4685,0.5108,0.5,0.4746,25364299.59466659,-0.025399999999999978,0.48965000000000003,9.028815368196371,ADA-USD
313,2024-04-23,0.497,0.5219,0.5167,0.4999,26060228.38560476,-0.016800000000000037,0.50945,5.0100603621730455,ADA-USD
314,2024-04-22,0.495,0.5227,0.4995,0.517,22749774.87322417,0.017500000000000016,0.50885,5.595959595959608,ADA-USD
315,2024-04-21,0.4877,0.5128,0.5073,0.4992,21592077.1820638,-0.008099999999999996,0.5002500000000001,5.146606520401888,ADA-USD
316,2024-04-20,0.4647,0.5089,0.4683,0.5074,26188128.28078643,0.03909999999999997,0.4868,9.511512803959548,ADA-USD
317,2024-04-19,0.4228,0.4763,0.4583,0.4683,32468216.29167013,0.010000000000000009,0.44955,12.653736991485335,ADA-USD
318,2024-04-18,0.4345,0.4614,0.4442,0.4583,20967986.84086637,0.014100000000000001,0.44794999999999996,6.191024165707705,ADA-USD
319,2024-04-17,0.4274,0.4652,0.4585,0.4441,24223689.91872043,-0.014400000000000024,0.44630000000000003,8.844174075807206,ADA-USD
320,2024-04-16,0.4393,0.4788,0.4612,0.4586,27154820.61374713,-0.002599999999999991,0.45905,8.991577509674476,ADA-USD
321,2024-04-15,0.4392,0.4957,0.4682,0.4612,42492992.23288223,-0.007000000000000006,0.46745,12.864298724954462,ADA-USD
322,2024-04-14,0.4333,0.4783,0.4461,0.4681,52100492.66872696,0.02200000000000002,0.4558,10.385414262635583,ADA-USD
323,2024-04-13,0.4051,0.5167,0.5031,0.4459,72923406.77084918,-0.05719999999999997,0.46090000000000003,27.548753394223656,ADA-USD
324,2024-04-12,0.47,0.5924,0.5859,0.503,71416511.95584968,-0.08289999999999997,0.5312,26.042553191489375,ADA-USD
325,2024-04-11,0.5753,0.5945,0.5863,0.5857,14228587.85308769,-0.0006000000000000449,0.5849,3.337389188249608,ADA-USD
326,2024-04-10,0.558,0.5939,0.5909,0.5861,25484497.48311125,-0.0048000000000000265,0.57595,6.433691756272389,ADA-USD
327,2024-04-09,0.5896,0.6241,0.6138,0.591,21951253.72900763,-0.022800000000000042,0.60685,5.851424694708272,ADA-USD
328,2024-04-08,0.5792,0.617,0.5888,0.6138,21265392.73423598,0.025000000000000022,0.5981000000000001,6.526243093922641,ADA-USD
329,2024-04-07,0.5817,0.5973,0.584,0.5888,13850459.63372842,0.0048000000000000265,0.5895,2.6817947395564827,ADA-USD
330,2024-04-06,0.5711,0.5897,0.5745,0.5837,11341306.46008998,0.009199999999999986,0.5804,3.256872701803528,ADA-USD
331,2024-04-05,0.5598,0.5852,0.5835,0.5742,19993781.56396254,-0.009299999999999975,0.5725,4.537334762415164,ADA-USD
332,2024-04-04,0.5592,0.5971,0.5694,0.5833,24783297.16775102,0.013900000000000023,0.5781499999999999,6.777539341917012,ADA-USD
333,2024-04-03,0.5628,0.595,0.581,0.5693,22655781.92019766,-0.011699999999999933,0.5789,5.721393034825873,ADA-USD
334,2024-04-02,0.5739,0.6218,0.6216,0.5809,32965941.89150286,-0.04070000000000007,0.59785,8.346401812162407,ADA-USD
335,2024-04-01,0.6052,0.6516,0.6499,0.6216,28397876.79510694,-0.028299999999999992,0.6284,7.666886979510905,ADA-USD
336,2024-03-31,0.6419,0.6536,0.6438,0.6499,14367860.22001281,0.006099999999999994,0.64775,1.8227138183517577,ADA-USD
337,2024-03-30,0.6419,0.6694,0.6646,0.6438,17522801.65659307,-0.02079999999999993,0.6556500000000001,4.28415641065586,ADA-USD
338,2024-03-29,0.6352,0.6682,0.6512,0.6647,19625453.4749044,0.013499999999999956,0.6517,5.195214105793456,ADA-USD
339,2024-03-28,0.6349,0.6583,0.6475,0.651,20069503.11149852,0.0035000000000000586,0.6466000000000001,3.685619782642932,ADA-USD
340,2024-06-20,14.185,14.848,14.34,14.248,1268679.8,-0.09200000000000053,14.5165,4.673951357067327,LINK-USD
341,2024-06-19,13.909,14.497,13.98,14.338,1292776.1,0.35799999999999876,14.203,4.227478610971307,LINK-USD
342,2024-06-18,12.93,14.616,14.519,13.977,2357403.28,-0.5419999999999998,13.773,13.039443155452435,LINK-USD
343,2024-06-17,14.008,15.209,15.131,14.518,1463410.2,-0.6129999999999995,14.6085,8.573672187321534,LINK-USD
344,2024-06-16,14.564,15.219,14.852,15.131,519413.17,0.2789999999999999,14.8915,4.497390826695958,LINK-USD
345,2024-06-15,14.695,15.103,14.737,14.852,646734.35,0.11500000000000021,14.899000000000001,2.7764545763865223,LINK-USD
346,2024-06-14,14.423,15.455,15.133,14.742,1686855.4,-0.39099999999999824,14.939,7.155238161270194,LINK-USD
347,2024-06-13,15.05,16.046,16.005,15.135,1174634.61,-0.8699999999999992,15.548,6.61794019933554,LINK-USD
348,2024-06-12,14.729,16.239,14.987,16.0,1655733.85,1.013,15.484,10.251884038291816,LINK-USD
349,2024-06-11,14.654,15.907,15.9,14.989,1837834.34,-0.9109999999999996,15.2805,8.550566398253038,LINK-USD
350,2024-06-10,15.755,16.392,16.376,15.899,683508.92,-0.4770000000000021,16.0735,4.043160901301166,LINK-USD
351,2024-06-09,15.905,16.382,15.926,16.375,338979.99,0.44899999999999984,16.1435,2.9990569003458165,LINK-USD
352,2024-06-08,15.679,16.414,16.312,15.927,891093.49,-0.38500000000000156,16.0465,4.687798966770847,LINK-USD
353,2024-06-07,15.5,17.707,17.244,16.311,1449582.2,-0.9329999999999998,16.6035,14.238709677419358,LINK-USD
354,2024-06-06,17.103,17.78,17.747,17.243,757783.24,-0.5040000000000013,17.4415,3.958369876629828,LINK-USD
355,2024-06-05,17.622,18.081,17.714,17.746,543910.98,0.03200000000000003,17.8515,2.6046986721144005,LINK-USD
356,2024-06-04,17.474,17.853,17.627,17.719,682852.68,0.0920000000000023,17.6635,2.168936705963153,LINK-USD
357,2024-06-03,17.539,18.343,18.137,17.629,991439.52,-0.5079999999999991,17.941000000000003,4.584069787331082,LINK-USD
358,2024-06-02,18.061,18.55,18.427,18.138,461400.48,-0.2889999999999979,18.305500000000002,2.7074912795526314,LINK-USD
359,2024-06-01,18.249,18.665,18.396,18.425,491131.27,0.028999999999999915,18.457,2.279576963121269,LINK-USD
360,2024-05-31,17.449,18.722,17.945,18.395,940255.9,0.4499999999999993,18.085500000000003,7.295547022752018,LINK-USD
361,2024-05-30,17.782,19.19,18.433,17.943,1504309.2,-0.48999999999999844,18.486,7.918119446631431,LINK-USD
362,2024-05-29,18.025,19.208,18.517,18.434,2204916.5,-0.08299999999999841,18.6165,6.563106796116504,LINK-USD
363,2024-05-28,17.857,18.825,18.776,18.513,2605867.58,-0.2629999999999981,18.341,5.420843366746934,LINK-USD
364,2024-05-27,16.878,18.849,17.032,18.773,2327412.58,1.7409999999999997,17.863500000000002,11.677923924635621,LINK-USD
365,2024-05-26,16.983,17.901,17.438,17.032,1142638.34,-0.4059999999999988,17.442,5.405405405405401,LINK-USD
366,2024-05-25,16.917,17.463,17.248,17.436,814342.72,0.18799999999999883,17.19,3.2275226103919095,LINK-USD
367,2024-05-24,16.554,17.773,16.588,17.246,2983480.25,0.6579999999999977,17.1635,7.363779147033957,LINK-USD
368,2024-05-23,15.418,16.803,16.349,16.594,2278825.82,0.245000000000001,16.110500000000002,8.983006875081085,LINK-USD
369,2024-05-22,16.161,16.927,16.741,16.348,1263676.34,-0.3930000000000007,16.544,4.739805705092495,LINK-USD
370,2024-05-21,16.51,17.454,17.268,16.735,1913414.3,-0.5330000000000013,16.982,5.717746820109019,LINK-USD
371,2024-05-20,16.375,17.465,16.562,17.267,3541407.11,0.7049999999999983,16.92,6.656488549618319,LINK-USD
372,2024-05-19,16.303,17.115,16.335,16.561,2816903.08,0.2259999999999991,16.709,4.980678402747945,LINK-USD
373,2024-05-18,16.055,16.57,16.241,16.331,1545390.07,0.08999999999999986,16.3125,3.2077234506384342,LINK-USD
374,2024-05-17,15.5,16.765,15.515,16.247,4147880.57,0.7319999999999993,16.1325,8.161290322580648,LINK-USD
375,2024-05-16,13.538,15.868,13.872,15.52,3111262.19,1.6479999999999997,14.703,17.210814005022897,LINK-USD
376,2024-05-15,12.838,13.943,12.98,13.872,1077564.58,0.8919999999999995,13.3905,8.607259697772243,LINK-USD
377,2024-05-14,12.93,13.59,13.391,12.981,814584.81,-0.41000000000000014,13.26,5.104408352668215,LINK-USD
378,2024-05-13,13.069,13.672,13.559,13.392,1022723.33,-0.16699999999999982,13.3705,4.613971994796846,LINK-USD
379,2024-05-12,13.28,13.589,13.3,13.554,320564.8,0.25399999999999956,13.4345,2.3268072289156705,LINK-USD
380,2024-05-11,13.267,13.81,13.564,13.301,731768.98,-0.2629999999999999,13.538499999999999,4.09286198839226,LINK-USD
381,2024-05-10,13.487,14.37,14.235,13.564,859670.36,-0.6709999999999994,13.9285,6.547045302884253,LINK-USD
382,2024-05-09,13.836,14.365,13.892,14.235,977051.39,0.34299999999999997,14.1005,3.8233593524139917,LINK-USD
383,2024-05-08,13.684,14.114,13.996,13.893,972452.44,-0.10299999999999976,13.899000000000001,3.1423560362467224,LINK-USD
384,2024-05-07,13.963,14.72,14.487,14.001,1158625.92,-0.48600000000000065,14.3415,5.421471030580832,LINK-USD
385,2024-05-06,14.279,15.166,14.375,14.483,1159370.54,0.10800000000000054,14.7225,6.211919602213043,LINK-USD
386,2024-05-05,14.11,14.662,14.32,14.372,607333.95,0.0519999999999996,14.386,3.9121190644932775,LINK-USD
387,2024-05-04,13.979,14.482,14.101,14.32,877252.38,0.21899999999999942,14.2305,3.59825452464411,LINK-USD
388,2024-05-03,13.453,14.208,13.59,14.1,1193549.28,0.5099999999999998,13.8305,5.61213112316956,LINK-USD
389,2024-05-02,12.915,13.781,13.331,13.588,911512.35,0.2569999999999997,13.347999999999999,6.705381339527692,LINK-USD
390,2024-05-01,12.404,13.501,13.121,13.328,1951537.72,0.20699999999999896,12.9525,8.843921315704607,LINK-USD
391,2024-04-30,12.77,14.205,14.074,13.121,1475649.71,-0.9529999999999994,13.4875,11.237274862960067,LINK-USD
392,2024-04-29,13.71,14.18,13.808,14.074,691545.22,0.266,13.945,3.428154631655717,LINK-USD
393,2024-04-28,13.723,14.434,14.259,13.803,728110.82,-0.4559999999999995,14.0785,5.181082853603428,LINK-USD
394,2024-04-27,13.862,14.522,14.485,14.254,997822.78,-0.23099999999999987,14.192,4.761217717501083,LINK-USD
395,2024-04-26,14.354,14.936,14.592,14.48,706120.45,-0.1120000000000001,14.645,4.054618921554972,LINK-USD
396,2024-04-25,14.352,14.897,14.532,14.592,822340.42,0.0600000000000005,14.624500000000001,3.7973801560758074,LINK-USD
397,2024-04-24,14.101,15.639,15.181,14.528,1278302.2,-0.6529999999999987,14.870000000000001,10.907027870363791,LINK-USD
398,2024-04-23,15.107,15.584,15.459,15.182,797669.59,-0.27699999999999925,15.3455,3.1574766664460205,LINK-USD
399,2024-04-22,15.015,16.039,15.112,15.461,1484483.36,0.3490000000000002,15.527000000000001,6.819846819846825,LINK-USD
400,2024-04-21,14.537,15.18,14.965,15.106,648422.45,0.14100000000000001,14.8585,4.423195982664916,LINK-USD
401,2024-04-20,13.756,15.04,13.954,14.964,1274319.37,1.0099999999999998,14.398,9.334108752544337,LINK-USD
402,2024-04-19,12.75,14.13,13.897,13.955,1599485.91,0.05799999999999983,13.440000000000001,10.823529411764712,LINK-USD
403,2024-04-18,12.816,13.99,13.134,13.893,863453.54,0.7590000000000003,13.403,9.160424469413229,LINK-USD
404,2024-04-17,12.721,13.613,13.47,13.136,1099348.28,-0.3340000000000014,13.167,7.012027356339906,LINK-USD
405,2024-04-16,12.826,13.821,13.59,13.471,1506265.96,-0.11899999999999977,13.3235,7.757679713082793,LINK-USD
406,2024-04-15,13.232,14.689,14.118,13.59,2065132.04,-0.5280000000000005,13.9605,11.011185006045956,LINK-USD
407,2024-04-14,12.726,14.27,13.317,14.119,3330101.68,0.8019999999999996,13.498000000000001,12.132641835612121,LINK-USD
408,2024-04-13,11.969,15.406,15.164,13.318,4953173.41,-1.846,13.6875,28.715849277299704,LINK-USD
409,2024-04-12,14.2,17.871,17.557,15.164,3712925.66,-2.392999999999999,16.0355,25.852112676056333,LINK-USD
410,2024-04-11,17.003,17.621,17.418,17.558,640349.43,0.14000000000000057,17.311999999999998,3.6346527083455773,LINK-USD
411,2024-04-10,16.805,17.574,17.353,17.415,817715.19,0.06199999999999761,17.189500000000002,4.576019041951811,LINK-USD
412,2024-04-09,17.241,18.18,18.102,17.355,803101.86,-0.7469999999999999,17.7105,5.446319819036019,LINK-USD
413,2024-04-08,17.547,18.67,17.912,18.102,936661.3,0.19000000000000128,18.1085,6.399954408160944,LINK-USD
414,2024-04-07,17.505,17.973,17.569,17.917,494979.32,0.34800000000000253,17.738999999999997,2.6735218508997427,LINK-USD
415,2024-04-06,17.269,17.688,17.334,17.564,363935.43,0.23000000000000043,17.478499999999997,2.426313046499511,LINK-USD
416,2024-04-05,16.867,17.791,17.791,17.33,812520.67,-0.4610000000000021,17.329,5.4781526056797265,LINK-USD
417,2024-04-04,17.397,18.272,17.687,17.8,984886.98,0.11299999999999955,17.8345,5.029602805081336,LINK-USD
418,2024-04-03,17.382,18.341,17.959,17.691,1050408.88,-0.2680000000000007,17.8615,5.517201702911055,LINK-USD
419,2024-04-02,17.389,18.493,18.37,17.958,1916518.95,-0.4120000000000026,17.941,6.34884122146184,LINK-USD
420,2024-04-01,17.849,19.281,19.171,18.371,1254067.42,-0.8000000000000007,18.564999999999998,8.022858423441082,LINK-USD
421,2024-03-31,18.878,19.353,18.941,19.17,705541.84,0.22900000000000276,19.1155,2.516156372497094,LINK-USD
422,2024-03-30,18.792,19.302,18.978,18.945,679880.48,-0.03300000000000125,19.047,2.7139208173690825,LINK-USD
423,2024-03-29,18.712,19.298,19.151,18.977,775842.63,-0.1739999999999995,19.005,3.131680205215896,LINK-USD
424,2024-03-28,19.034,19.805,19.281,19.146,1097619.08,-0.134999999999998,19.4195,4.050646212041614,LINK-USD
425,2024-06-20,0.488,0.5021,0.4932,0.4885,54637323.002903,-0.0047000000000000375,0.49505,2.8893442622950825,XRP-USD
426,2024-06-19,0.4867,0.4994,0.4908,0.4932,60850516.721654,0.0024000000000000132,0.49305,2.6094103143620275,XRP-USD
427,2024-06-18,0.4703,0.5566,0.5045,0.4908,121417223.311563,-0.013699999999999934,0.51345,18.349989368488195,XRP-USD
428,2024-06-17,0.4837,0.5209,0.489,0.5046,103514679.3457,0.015600000000000058,0.5023,7.690717386810009,XRP-USD
429,2024-06-16,0.4875,0.4993,0.4905,0.4889,28362539.966323,-0.0015999999999999903,0.4934,2.420512820512827,XRP-USD
430,2024-06-15,0.4737,0.5049,0.4743,0.4905,39102015.544026,0.016199999999999992,0.4893,6.586447118429387,XRP-USD
431,2024-06-14,0.4601,0.4811,0.4767,0.4744,60712880.379926,-0.0023000000000000242,0.4706,4.564225168441647,XRP-USD
432,2024-06-13,0.4754,0.4916,0.4916,0.4766,44801621.011879,-0.014999999999999958,0.4835,3.407656710138829,XRP-USD
433,2024-06-12,0.474,0.4981,0.4803,0.4916,56321911.157772,0.011299999999999977,0.48605,5.084388185654011,XRP-USD
434,2024-06-11,0.4709,0.5021,0.4967,0.4803,74194495.07584,-0.01639999999999997,0.4865,6.625610533021874,XRP-USD
435,2024-06-10,0.4932,0.5059,0.4986,0.4967,37303113.978607,-0.0019000000000000128,0.49955000000000005,2.5750202757502008,XRP-USD
436,2024-06-09,0.4909,0.4994,0.4926,0.4987,18421777.336715,0.006099999999999994,0.49515,1.7315135465471598,XRP-USD
437,2024-06-08,0.4898,0.5007,0.4988,0.4927,32047018.301022,-0.006099999999999994,0.49525,2.2253981216823235,XRP-USD
438,2024-06-07,0.4543,0.5277,0.5213,0.4988,74275315.134204,-0.022499999999999964,0.491,16.156724631300897,XRP-USD
439,2024-06-06,0.5163,0.5279,0.526,0.5214,35479057.5546,-0.0046000000000000485,0.5221,2.2467557621537972,XRP-USD
440,2024-06-05,0.5239,0.5331,0.5258,0.526,37381508.57592,0.00019999999999997797,0.5285,1.7560603168543587,XRP-USD
441,2024-06-04,0.5182,0.5304,0.5198,0.5258,39283372.703189,0.006000000000000005,0.5243,2.354303357776918,XRP-USD
442,2024-06-03,0.5115,0.5229,0.5133,0.5198,38194627.065265,0.006500000000000061,0.5172,2.228739002932566,XRP-USD
443,2024-06-02,0.5079,0.5205,0.5184,0.5133,21362551.333418,-0.005099999999999993,0.5142,2.4808033077377325,XRP-USD
444,2024-06-01,0.5168,0.5214,0.5171,0.5184,15261948.46357,0.0012999999999999678,0.5191,0.8900928792569538,XRP-USD
445,2024-05-31,0.5115,0.5255,0.5185,0.5171,35435327.502178,-0.0013999999999999568,0.5185,2.737047898338224,XRP-USD
446,2024-05-30,0.5124,0.5278,0.523,0.5186,42907220.401567,-0.0044000000000000705,0.5201,3.0054644808743327,XRP-USD
447,2024-05-29,0.5195,0.5327,0.5282,0.523,34618446.635058,-0.005199999999999982,0.5261,2.5409047160731455,XRP-USD
448,2024-05-28,0.5208,0.535,0.5336,0.5283,39530930.172844,-0.005299999999999971,0.5279,2.7265745007680473,XRP-USD
449,2024-05-27,0.5232,0.5405,0.5281,0.5335,34299295.909244,0.00539999999999996,0.5318499999999999,3.306574923547397,XRP-USD
450,2024-05-26,0.5251,0.5419,0.5416,0.528,23566497.656033,-0.013599999999999945,0.5335000000000001,3.1993905922681463,XRP-USD
451,2024-05-25,0.5331,0.5425,0.5359,0.5416,26580284.095445,0.005699999999999927,0.5378000000000001,1.7632714312511657,XRP-USD
452,2024-05-24,0.5166,0.5372,0.5285,0.5359,47255494.865012,0.007400000000000073,0.5268999999999999,3.987611304684488,XRP-USD
453,2024-05-23,0.5026,0.5483,0.5267,0.5286,94906462.249264,0.0019000000000000128,0.52545,9.09271786709112,XRP-USD
454,2024-05-22,0.5224,0.5381,0.5369,0.5266,50940775.653357,-0.010300000000000087,0.53025,3.0053598774885235,XRP-USD
455,2024-05-21,0.5317,0.5571,0.5378,0.5369,80809492.004085,-0.0008999999999999009,0.5444,4.777129960504061,XRP-USD
456,2024-05-20,0.5062,0.5381,0.5096,0.5378,67075693.98118,0.028199999999999892,0.52215,6.301856973528258,XRP-USD
457,2024-05-19,0.5064,0.5237,0.5213,0.5096,24033936.016483,-0.011699999999999933,0.51505,3.4162717219589447,XRP-USD
458,2024-05-18,0.5189,0.5258,0.5238,0.5213,16304651.651777,-0.0025000000000000577,0.5223500000000001,1.3297359799576058,XRP-USD
459,2024-05-17,0.5134,0.5294,0.5159,0.5237,35515165.257767,0.007800000000000029,0.5214,3.116478379431246,XRP-USD
460,2024-05-16,0.5123,0.5226,0.5192,0.5159,45391043.473362,-0.0032999999999999696,0.51745,2.0105406988092867,XRP-USD
461,2024-05-15,0.4964,0.52,0.5001,0.5192,45991253.356211,0.019100000000000006,0.5082,4.754230459307012,XRP-USD
462,2024-05-14,0.497,0.516,0.5052,0.4999,41892756.369703,-0.005299999999999971,0.5065,3.822937625754531,XRP-USD
463,2024-05-13,0.4866,0.5119,0.4993,0.5052,43426150.68912,0.005899999999999961,0.49924999999999997,5.199342375667909,XRP-USD
464,2024-05-12,0.4956,0.5086,0.5059,0.4991,17150340.36612,-0.006800000000000028,0.5021,2.6230831315577214,XRP-USD
465,2024-05-11,0.5004,0.5076,0.5021,0.5059,20050540.095313,0.0038000000000000256,0.504,1.4388489208633286,XRP-USD
466,2024-05-10,0.497,0.5209,0.5209,0.5022,42376763.721791,-0.01870000000000005,0.50895,4.80885311871228,XRP-USD
467,2024-05-09,0.5086,0.5235,0.5169,0.5208,35036085.443065,0.0039000000000000146,0.51605,2.9296106960282957,XRP-USD
468,2024-05-08,0.5151,0.5297,0.5244,0.5168,45017810.138709,-0.00759999999999994,0.5224,2.83440108716753,XRP-USD
469,2024-05-07,0.5217,0.5443,0.5401,0.5245,46585583.49485,-0.015600000000000058,0.533,4.331991566034111,XRP-USD
470,2024-05-06,0.5248,0.57,0.5297,0.5403,91216316.93962,0.010600000000000054,0.5474,8.612804878048761,XRP-USD
471,2024-05-05,0.5241,0.5334,0.5303,0.5297,19897393.690776,-0.0006000000000000449,0.52875,1.7744705208929548,XRP-USD
472,2024-05-04,0.5275,0.5411,0.5319,0.5303,28523936.942537,-0.0016000000000000458,0.5343,2.578199052132712,XRP-USD
473,2024-05-03,0.5146,0.537,0.5181,0.5319,50909619.893812,0.013800000000000034,0.5258,4.352895452778874,XRP-USD
474,2024-05-02,0.5062,0.5247,0.5167,0.5181,60486316.556794,0.0013999999999999568,0.51545,3.654681943895708,XRP-USD
475,2024-05-01,0.478,0.5209,0.5002,0.5169,88938443.736112,0.016700000000000048,0.49945,8.97489539748955,XRP-USD
476,2024-04-30,0.4878,0.5197,0.515,0.5003,59282400.267658,-0.014700000000000046,0.50375,6.539565395653965,XRP-USD
477,2024-04-29,0.4986,0.5174,0.5104,0.5148,51587338.671825,0.0044000000000000705,0.508,3.7705575611712763,XRP-USD
478,2024-04-28,0.5084,0.5249,0.5176,0.5104,22708154.24253,-0.007199999999999984,0.51665,3.245476003147142,XRP-USD
479,2024-04-27,0.5077,0.5264,0.5258,0.5177,37073411.113092,-0.008099999999999996,0.51705,3.683277526098077,XRP-USD
480,2024-04-26,0.5142,0.5361,0.5254,0.5258,43616548.757566,0.00040000000000006697,0.52515,4.259043173862316,XRP-USD
481,2024-04-25,0.5135,0.5326,0.5272,0.5254,45122101.537565,-0.0018000000000000238,0.52305,3.719571567672835,XRP-USD
482,2024-04-24,0.521,0.5519,0.5445,0.5273,62274548.45117,-0.017199999999999993,0.53645,5.930902111324362,XRP-USD
483,2024-04-23,0.5419,0.5645,0.5562,0.5445,60496400.04683,-0.011700000000000044,0.5532,4.170511164421471,XRP-USD
484,2024-04-22,0.5222,0.572,0.5247,0.5561,80072821.449738,0.031399999999999983,0.5470999999999999,9.536576024511673,XRP-USD
485,2024-04-21,0.5179,0.5369,0.5291,0.5246,36703889.390784,-0.0045000000000000595,0.5274000000000001,3.6686619038424433,XRP-USD
486,2024-04-20,0.4983,0.5306,0.5031,0.5291,58152255.00789,0.026000000000000023,0.51445,6.482038932370046,XRP-USD
487,2024-04-19,0.4669,0.511,0.503,0.5033,89620644.636699,0.00029999999999996696,0.48895,9.445277361319347,XRP-USD
488,2024-04-18,0.4856,0.5065,0.4952,0.503,55187833.032581,0.007800000000000029,0.49605,4.303953871499171,XRP-USD
489,2024-04-17,0.4718,0.528,0.4966,0.4952,75468350.505466,-0.0014000000000000123,0.4999,11.911827045358208,XRP-USD
490,2024-04-16,0.476,0.5023,0.4978,0.4968,74705397.44509,-0.0010000000000000009,0.48915,5.525210084033612,XRP-USD
491,2024-04-15,0.4814,0.5194,0.504,0.4979,106766434.137878,-0.006099999999999994,0.5004,7.89364353967594,XRP-USD
492,2024-04-14,0.4641,0.5076,0.4801,0.5039,152835677.079523,0.023799999999999988,0.48585,9.372979961215263,XRP-USD
493,2024-04-13,0.4315,0.5492,0.5474,0.4801,205351198.332669,-0.06729999999999997,0.49035,27.276940903823878,XRP-USD
494,2024-04-12,0.5001,0.6158,0.6087,0.5474,145079743.473473,-0.06130000000000002,0.55795,23.135372925414924,XRP-USD
495,2024-04-11,0.603,0.6214,0.6172,0.6087,53588139.141688,-0.008499999999999952,0.6122,3.051409618573793,XRP-USD
496,2024-04-10,0.592,0.6204,0.6138,0.6172,71515849.192,0.0033999999999999586,0.6062,4.797297297297294,XRP-USD
497,2024-04-09,0.6015,0.6429,0.6147,0.6137,86201814.383507,-0.0010000000000000009,0.6222000000000001,6.882793017456357,XRP-USD
498,2024-04-08,0.5883,0.6265,0.5945,0.6147,70812181.920202,0.020199999999999996,0.6073999999999999,6.49328573856874,XRP-USD
499,2024-04-07,0.5895,0.6031,0.5931,0.5945,35334068.478719,0.0014000000000000679,0.5963,2.3070398642917636,XRP-USD
500,2024-04-06,0.5856,0.599,0.5873,0.5931,29996333.913936,0.005799999999999916,0.5923,2.288251366120213,XRP-USD
501,2024-04-05,0.5689,0.5943,0.5937,0.5872,60658787.858702,-0.00649999999999995,0.5816,4.4647565477236935,XRP-USD
502,2024-04-04,0.5623,0.62,0.5744,0.5937,102941217.796889,0.019299999999999984,0.5911500000000001,10.261426284901292,XRP-USD
503,2024-04-03,0.5662,0.5933,0.5856,0.5744,76591878.349873,-0.011199999999999988,0.57975,4.786294595549278,XRP-USD
504,2024-04-02,0.5791,0.6186,0.6112,0.5856,108300646.514753,-0.025599999999999956,0.59885,6.820929027801778,XRP-USD
505,2024-04-01,0.5945,0.6337,0.6292,0.6112,66071908.461967,-0.018000000000000016,0.6141000000000001,6.593776282590413,XRP-USD
506,2024-03-31,0.6207,0.6301,0.6215,0.6291,27761567.990838,0.00759999999999994,0.6254,1.5144192041243698,XRP-USD
507,2024-03-30,0.618,0.6373,0.6303,0.6216,42897146.434143,-0.00869999999999993,0.62765,3.1229773462783146,XRP-USD
508,2024-03-29,0.6088,0.6453,0.6244,0.6305,75982482.308553,0.006099999999999994,0.62705,5.995400788436264,XRP-USD
509,2024-03-28,0.6029,0.6379,0.6115,0.6246,76772655.273343,0.0131,0.6204000000000001,5.805274506551672,XRP-USD
510,2024-06-20,73.19,75.32,73.76,74.68,143037.36724016,0.9200000000000017,74.255,2.9102336384751957,LTC-USD
511,2024-06-19,72.48,74.95,72.63,73.75,129447.9208816,1.1200000000000045,73.715,3.4078366445916095,LTC-USD
512,2024-06-18,70.63,76.76,76.58,72.63,343507.58611606,-3.950000000000003,73.695,8.679031572985997,LTC-USD
513,2024-06-17,75.09,79.21,78.98,76.59,178389.52163564,-2.3900000000000006,77.15,5.486749234252217,LTC-USD
514,2024-06-16,78.55,80.09,79.19,78.95,101893.31627036,-0.23999999999999488,79.32,1.960534691279448,LTC-USD
515,2024-06-15,77.31,79.42,77.57,79.19,102830.20331723,1.6200000000000045,78.36500000000001,2.7292717630319485,LTC-USD
516,2024-06-14,76.32,80.26,79.12,77.57,272393.80664947,-1.5500000000000114,78.28999999999999,5.162473794549283,LTC-USD
517,2024-06-13,77.24,79.81,78.49,79.12,296952.67113477,0.6300000000000097,78.525,3.327291558777845,LTC-USD
518,2024-06-12,76.34,79.29,77.3,78.49,214826.46223322,1.1899999999999977,77.815,3.8642913282682776,LTC-USD
519,2024-06-11,75.58,79.83,79.64,77.29,269256.47404925,-2.3499999999999943,77.705,5.62318073564435,LTC-USD
520,2024-06-10,79.04,80.49,80.47,79.63,102262.8352264,-0.8400000000000034,79.765,1.8345141700404712,LTC-USD
521,2024-06-09,79.49,80.71,79.97,80.47,55469.34867156,0.5,80.1,1.5347842495911421,LTC-USD
522,2024-06-08,78.83,80.44,80.1,79.98,82669.64420839,-0.11999999999999034,79.63499999999999,2.0423696562222498,LTC-USD
523,2024-06-07,75.09,84.83,84.18,80.1,235299.53067999,-4.0800000000000125,79.96000000000001,12.971101345052597,LTC-USD
524,2024-06-06,84.12,85.79,85.44,84.17,131407.98872071,-1.269999999999996,84.95500000000001,1.9852591535901114,LTC-USD
525,2024-06-05,83.5,85.48,83.67,85.44,96079.94010235,1.769999999999996,84.49000000000001,2.371257485029945,LTC-USD
526,2024-06-04,81.09,83.72,82.82,83.68,98439.43648748,0.8600000000000136,82.405,3.2433099025773773,LTC-USD
527,2024-06-03,82.59,84.25,83.08,82.82,94587.29565849,-0.2600000000000051,83.42,2.0099285627799937,LTC-USD
528,2024-06-02,82.13,83.48,83.41,83.08,72498.9485517,-0.3299999999999983,82.805,1.643735541215157,LTC-USD
529,2024-06-01,82.83,83.86,83.13,83.43,61109.40208311,0.30000000000001137,83.345,1.2435108052637946,LTC-USD
530,2024-05-31,81.97,84.65,84.42,83.13,110828.6206423,-1.2900000000000063,83.31,3.2694888373795377,LTC-USD
531,2024-05-30,81.88,85.53,83.47,84.43,151852.9171056,0.960000000000008,83.705,4.457743038593071,LTC-USD
532,2024-05-29,82.54,84.14,83.37,83.47,119963.93737913,0.09999999999999432,83.34,1.938454082868905,LTC-USD
533,2024-05-28,81.98,85.49,85.18,83.35,145662.4076179,-1.8300000000000125,83.735,4.281532080995353,LTC-USD
534,2024-05-27,83.77,86.37,83.84,85.17,96547.77421646,1.3299999999999983,85.07,3.103736421153168,LTC-USD
535,2024-05-26,83.49,85.27,84.99,83.84,78862.80214773,-1.1499999999999915,84.38,2.131991855312015,LTC-USD
536,2024-05-25,84.43,85.93,84.98,84.99,71686.71338215,0.009999999999990905,85.18,1.776619684946109,LTC-USD
537,2024-05-24,83.99,86.45,85.41,84.99,166773.19881125,-0.4200000000000017,85.22,2.9289201095368593,LTC-USD
538,2024-05-23,80.51,87.96,85.75,85.41,303789.67405426,-0.3400000000000034,84.235,9.253508880884349,LTC-USD
539,2024-05-22,84.86,88.48,88.24,85.75,184372.39538242,-2.489999999999995,86.67,4.26584963469244,LTC-USD
540,2024-05-21,86.94,89.63,88.64,88.24,235271.75659231,-0.4000000000000057,88.285,3.0940878766965696,LTC-USD
541,2024-05-20,82.38,89.17,82.39,88.65,184021.06141805,6.260000000000005,85.775,8.242291818402533,LTC-USD
542,2024-05-19,81.77,84.4,83.86,82.39,77089.22330222,-1.4699999999999989,83.08500000000001,3.2163385104561697,LTC-USD
543,2024-05-18,83.45,84.85,84.17,83.87,90425.9347358,-0.29999999999999716,84.15,1.6776512881965147,LTC-USD
544,2024-05-17,81.91,84.26,82.44,84.18,110718.77183059,1.740000000000009,83.08500000000001,2.8690025637895356,LTC-USD
545,2024-05-16,81.38,83.27,82.49,82.44,133670.58103124,-0.04999999999999716,82.32499999999999,2.3224379454411412,LTC-USD
546,2024-05-15,78.24,82.98,78.75,82.5,155712.63771542,3.75,80.61,6.058282208588969,LTC-USD
547,2024-05-14,78.41,83.0,80.61,78.72,152975.98118948,-1.8900000000000006,80.705,5.853845172809595,LTC-USD
548,2024-05-13,78.9,82.5,81.38,80.61,160047.64439703,-0.769999999999996,80.7,4.562737642585544,LTC-USD
549,2024-05-12,80.8,82.14,81.36,81.38,66309.16155251,0.01999999999999602,81.47,1.6584158415841626,LTC-USD
550,2024-05-11,80.12,82.26,80.22,81.36,83214.93845814,1.1400000000000006,81.19,2.6709935097353976,LTC-USD
551,2024-05-10,79.55,83.48,83.05,80.22,109554.49587602,-2.8299999999999983,81.515,4.940289126335647,LTC-USD
552,2024-05-09,80.67,83.16,81.67,83.07,114888.4430761,1.3999999999999915,81.91499999999999,3.086649312011894,LTC-USD
553,2024-05-08,79.31,82.29,80.82,81.65,150003.32716283,0.8300000000000125,80.80000000000001,3.7574076409027914,LTC-USD
554,2024-05-07,79.79,82.64,80.77,80.83,145087.56335277,0.060000000000002274,81.215,3.5718761749592605,LTC-USD
555,2024-05-06,80.02,84.23,81.34,80.8,194285.7131066,-0.5400000000000063,82.125,5.261184703824054,LTC-USD
556,2024-05-05,80.4,81.82,81.69,81.33,106573.95418559,-0.35999999999999943,81.11,1.7661691542288402,LTC-USD
557,2024-05-04,81.55,82.99,81.9,81.69,99102.36935453,-0.21000000000000796,82.27,1.7657878602084582,LTC-USD
558,2024-05-03,79.35,82.66,80.04,81.91,127061.20788736,1.8699999999999903,81.005,4.171392564587275,LTC-USD
559,2024-05-02,78.58,81.28,80.04,80.04,138133.41633274,0.0,79.93,3.4359888012216886,LTC-USD
560,2024-05-01,74.53,80.81,79.44,80.05,244154.69764978,0.6099999999999994,77.67,8.426137125989536,LTC-USD
561,2024-04-30,77.21,84.5,83.48,79.44,218367.02045755,-4.040000000000006,80.85499999999999,9.44178215257092,LTC-USD
562,2024-04-29,81.71,85.62,83.98,83.48,163646.00046478,-0.5,83.66499999999999,4.785216007832592,LTC-USD
563,2024-04-28,83.58,85.41,83.83,83.97,112922.05708902,0.14000000000000057,84.495,2.189519023689876,LTC-USD
564,2024-04-27,83.09,88.46,88.08,83.83,239105.84427093,-4.25,85.775,6.462871585028271,LTC-USD
565,2024-04-26,83.07,88.56,83.75,88.09,302820.10725718,4.340000000000003,85.815,6.608884073672818,LTC-USD
566,2024-04-25,81.82,85.04,83.2,83.76,149777.71960778,0.5600000000000023,83.43,3.9354681007088894,LTC-USD
567,2024-04-24,82.27,87.69,85.02,83.21,232107.76315278,-1.8100000000000023,84.97999999999999,6.588063692719098,LTC-USD
568,2024-04-23,84.01,86.5,85.44,85.04,137005.00374881,-0.3999999999999915,85.255,2.9639328651350967,LTC-USD
569,2024-04-22,83.96,86.53,84.17,85.44,138356.47847073,1.269999999999996,85.245,3.060981419723687,LTC-USD
570,2024-04-21,82.75,85.71,85.06,84.18,99055.65852622,-0.8799999999999955,84.22999999999999,3.5770392749244637,LTC-USD
571,2024-04-20,80.31,86.02,80.89,85.08,128115.48932702,4.189999999999998,83.16499999999999,7.109948947827162,LTC-USD
572,2024-04-19,75.8,82.2,80.8,80.91,194079.71484958,0.10999999999999943,79.0,8.443271767810035,LTC-USD
573,2024-04-18,78.66,82.54,80.15,80.8,193794.82719748,0.6499999999999915,80.6,4.932621408593961,LTC-USD
574,2024-04-17,76.32,80.83,79.96,80.18,187140.01640329,0.22000000000001307,78.57499999999999,5.909329140461224,LTC-USD
575,2024-04-16,75.37,80.46,78.14,79.99,232952.11885792,1.8499999999999943,77.91499999999999,6.75335013931271,LTC-USD
576,2024-04-15,75.63,82.9,79.8,78.13,325097.13146713,-1.6700000000000017,79.265,9.612587597514228,LTC-USD
577,2024-04-14,73.79,80.49,77.48,79.82,465056.0912589,2.339999999999989,77.14,9.079821113972066,LTC-USD
578,2024-04-13,70.83,86.62,86.16,77.47,679710.0994161,-8.689999999999998,78.725,22.292813779471985,LTC-USD
579,2024-04-12,80.01,99.53,98.76,86.16,516258.24593288,-12.600000000000009,89.77000000000001,24.39695038120234,LTC-USD
580,2024-04-11,94.85,99.98,96.72,98.78,212993.16355635,2.0600000000000023,97.41499999999999,5.408539799683722,LTC-USD
581,2024-04-10,93.46,98.28,97.53,96.71,222610.68326495,-0.8200000000000074,95.87,5.157286539696135,LTC-USD
582,2024-04-09,96.47,103.43,103.24,97.52,271970.08289909,-5.719999999999999,99.95,7.21467813828134,LTC-USD
583,2024-04-08,99.59,106.02,101.24,103.24,319995.39827519,2.0,102.805,6.456471533286468,LTC-USD
584,2024-04-07,100.11,105.95,101.65,101.22,299552.07856677,-0.4300000000000068,103.03,5.833583058635504,LTC-USD
585,2024-04-06,97.21,102.5,97.88,101.64,184215.84210159,3.760000000000005,99.85499999999999,5.441826972533697,LTC-USD
586,2024-04-05,95.1,100.25,98.47,97.88,311333.97804777,-0.5900000000000034,97.675,5.415352260778135,LTC-USD
587,2024-04-04,96.26,104.25,98.36,98.47,502190.12480937,0.10999999999999943,100.255,8.300436318304586,LTC-USD
588,2024-04-03,96.58,109.89,106.77,98.36,499644.72172813,-8.409999999999997,103.235,13.781321184510254,LTC-USD
589,2024-04-02,93.2,109.04,99.28,106.79,903101.80909608,7.510000000000005,101.12,16.995708154506442,LTC-USD
590,2024-04-01,97.25,112.98,105.04,99.3,625529.98530092,-5.740000000000009,105.11500000000001,16.17480719794345,LTC-USD
591,2024-03-31,101.4,106.76,102.9,105.05,280185.60316358,2.1499999999999915,104.08000000000001,5.285996055226824,LTC-USD
592,2024-03-30,101.12,109.31,109.13,102.9,349078.46438837,-6.22999999999999,105.215,8.099287974683541,LTC-USD
593,2024-03-29,92.8,110.47,94.15,109.14,732621.54348965,14.989999999999995,101.63499999999999,19.04094827586207,LTC-USD
594,2024-03-28,93.4,96.55,93.51,94.15,405746.71834295,0.6400000000000006,94.975,3.3725910064239737,LTC-USD
